phenotype	cohort	ancestry	source	label	estimator	snp_set	h2	se	n	trait_def	match	note	citation	doi_or_url	location
bmi	AoU	EUR (random forest on HGDP+1KG), related included	tsuo_ldsc	AoU · LDSC (Tsuo 2026)	LDSC, univariate	HapMap3, UKB EUR LD reference	0.2321	0.0124	106881	inverse-rank-normalised; REGENIE GWAS, age + sex + 10 PCs; AoU v7	exact		Tsuo K, Shi Z, Ge T, Mandla R, Hou K, Ding Y, Pasaniuc B, Wang Y, Martin AR. All of Us diversity and scale yield context-dependent improvements in polygenic prediction. Nat Genet (2026)	10.1038/s41588-026-02734-4	Supplementary Table 2 (N: Supp. Table 1)
bmi	AoU	EUR, unrelated, downsampled	tsuo_greml	AoU · GREML (Tsuo 2026)	GCTA-GREML	not stated separately (study used common HapMap3 variants)	0.2607	0.0135		raw phenotype; covariates age + sex + 10 PCs	close	N not reported: downsampled to the smallest unrelated N across AoU EUR/AFR/AMR and UKB EUR training sets for this trait	Tsuo K, Shi Z, Ge T, Mandla R, Hou K, Ding Y, Pasaniuc B, Wang Y, Martin AR. All of Us diversity and scale yield context-dependent improvements in polygenic prediction. Nat Genet (2026)	10.1038/s41588-026-02734-4	Supplementary Table 2, GCTA-GREML columns
bmi	UKB	EUR, unrelated, downsampled	tsuo_greml	UKB · GREML (Tsuo 2026)	GCTA-GREML	not stated separately (study used common HapMap3 variants)	0.184	0.0107		raw phenotype; covariates age + sex + 10 PCs	close	N not reported: downsampled to the smallest unrelated N across AoU EUR/AFR/AMR and UKB EUR training sets for this trait	Tsuo K, Shi Z, Ge T, Mandla R, Hou K, Ding Y, Pasaniuc B, Wang Y, Martin AR. All of Us diversity and scale yield context-dependent improvements in polygenic prediction. Nat Genet (2026)	10.1038/s41588-026-02734-4	Supplementary Table 2, GCTA-GREML columns
height	AoU	EUR (random forest on HGDP+1KG), related included	tsuo_ldsc	AoU · LDSC (Tsuo 2026)	LDSC, univariate	HapMap3, UKB EUR LD reference	0.4202	0.026	107764	inverse-rank-normalised; REGENIE GWAS, age + sex + 10 PCs; AoU v7	exact		Tsuo K, Shi Z, Ge T, Mandla R, Hou K, Ding Y, Pasaniuc B, Wang Y, Martin AR. All of Us diversity and scale yield context-dependent improvements in polygenic prediction. Nat Genet (2026)	10.1038/s41588-026-02734-4	Supplementary Table 2 (N: Supp. Table 1)
height	AoU	EUR, unrelated, downsampled	tsuo_greml	AoU · GREML (Tsuo 2026)	GCTA-GREML	not stated separately (study used common HapMap3 variants)	0.5017	0.0133		raw phenotype; covariates age + sex + 10 PCs	close	N not reported: downsampled to the smallest unrelated N across AoU EUR/AFR/AMR and UKB EUR training sets for this trait	Tsuo K, Shi Z, Ge T, Mandla R, Hou K, Ding Y, Pasaniuc B, Wang Y, Martin AR. All of Us diversity and scale yield context-dependent improvements in polygenic prediction. Nat Genet (2026)	10.1038/s41588-026-02734-4	Supplementary Table 2, GCTA-GREML columns
height	UKB	EUR, unrelated, downsampled	tsuo_greml	UKB · GREML (Tsuo 2026)	GCTA-GREML	not stated separately (study used common HapMap3 variants)	0.3745	0.011		raw phenotype; covariates age + sex + 10 PCs	close	N not reported: downsampled to the smallest unrelated N across AoU EUR/AFR/AMR and UKB EUR training sets for this trait	Tsuo K, Shi Z, Ge T, Mandla R, Hou K, Ding Y, Pasaniuc B, Wang Y, Martin AR. All of Us diversity and scale yield context-dependent improvements in polygenic prediction. Nat Genet (2026)	10.1038/s41588-026-02734-4	Supplementary Table 2, GCTA-GREML columns
alt	AoU	EUR (random forest on HGDP+1KG), related included	tsuo_ldsc	AoU · LDSC (Tsuo 2026)	LDSC, univariate	HapMap3, UKB EUR LD reference	0.0572	0.0099	63013	inverse-rank-normalised; REGENIE GWAS, age + sex + 10 PCs; AoU v7	exact		Tsuo K, Shi Z, Ge T, Mandla R, Hou K, Ding Y, Pasaniuc B, Wang Y, Martin AR. All of Us diversity and scale yield context-dependent improvements in polygenic prediction. Nat Genet (2026)	10.1038/s41588-026-02734-4	Supplementary Table 2 (N: Supp. Table 1)
alt	AoU	EUR, unrelated, downsampled	tsuo_greml	AoU · GREML (Tsuo 2026)	GCTA-GREML	not stated separately (study used common HapMap3 variants)	0.0397	0.0234		raw phenotype; covariates age + sex + 10 PCs	close	N not reported: downsampled to the smallest unrelated N across AoU EUR/AFR/AMR and UKB EUR training sets for this trait	Tsuo K, Shi Z, Ge T, Mandla R, Hou K, Ding Y, Pasaniuc B, Wang Y, Martin AR. All of Us diversity and scale yield context-dependent improvements in polygenic prediction. Nat Genet (2026)	10.1038/s41588-026-02734-4	Supplementary Table 2, GCTA-GREML columns
alt	UKB	EUR, unrelated, downsampled	tsuo_greml	UKB · GREML (Tsuo 2026)	GCTA-GREML	not stated separately (study used common HapMap3 variants)	0.0756	0.0188		raw phenotype; covariates age + sex + 10 PCs	close	N not reported: downsampled to the smallest unrelated N across AoU EUR/AFR/AMR and UKB EUR training sets for this trait	Tsuo K, Shi Z, Ge T, Mandla R, Hou K, Ding Y, Pasaniuc B, Wang Y, Martin AR. All of Us diversity and scale yield context-dependent improvements in polygenic prediction. Nat Genet (2026)	10.1038/s41588-026-02734-4	Supplementary Table 2, GCTA-GREML columns
mcv	AoU	EUR (random forest on HGDP+1KG), related included	tsuo_ldsc	AoU · LDSC (Tsuo 2026)	LDSC, univariate	HapMap3, UKB EUR LD reference	0.1758	0.02	67132	inverse-rank-normalised; REGENIE GWAS, age + sex + 10 PCs; AoU v7	exact		Tsuo K, Shi Z, Ge T, Mandla R, Hou K, Ding Y, Pasaniuc B, Wang Y, Martin AR. All of Us diversity and scale yield context-dependent improvements in polygenic prediction. Nat Genet (2026)	10.1038/s41588-026-02734-4	Supplementary Table 2 (N: Supp. Table 1)
mcv	AoU	EUR, unrelated, downsampled	tsuo_greml	AoU · GREML (Tsuo 2026)	GCTA-GREML	not stated separately (study used common HapMap3 variants)	0.1911	0.0235		raw phenotype; covariates age + sex + 10 PCs	close	N not reported: downsampled to the smallest unrelated N across AoU EUR/AFR/AMR and UKB EUR training sets for this trait	Tsuo K, Shi Z, Ge T, Mandla R, Hou K, Ding Y, Pasaniuc B, Wang Y, Martin AR. All of Us diversity and scale yield context-dependent improvements in polygenic prediction. Nat Genet (2026)	10.1038/s41588-026-02734-4	Supplementary Table 2, GCTA-GREML columns
mcv	UKB	EUR, unrelated, downsampled	tsuo_greml	UKB · GREML (Tsuo 2026)	GCTA-GREML	not stated separately (study used common HapMap3 variants)	0.1507	0.0181		raw phenotype; covariates age + sex + 10 PCs	close	N not reported: downsampled to the smallest unrelated N across AoU EUR/AFR/AMR and UKB EUR training sets for this trait	Tsuo K, Shi Z, Ge T, Mandla R, Hou K, Ding Y, Pasaniuc B, Wang Y, Martin AR. All of Us diversity and scale yield context-dependent improvements in polygenic prediction. Nat Genet (2026)	10.1038/s41588-026-02734-4	Supplementary Table 2, GCTA-GREML columns
mch	AoU	EUR (random forest on HGDP+1KG), related included	tsuo_ldsc	AoU · LDSC (Tsuo 2026)	LDSC, univariate	HapMap3, UKB EUR LD reference	0.1948	0.0272	66294	inverse-rank-normalised; REGENIE GWAS, age + sex + 10 PCs; AoU v7	exact		Tsuo K, Shi Z, Ge T, Mandla R, Hou K, Ding Y, Pasaniuc B, Wang Y, Martin AR. All of Us diversity and scale yield context-dependent improvements in polygenic prediction. Nat Genet (2026)	10.1038/s41588-026-02734-4	Supplementary Table 2 (N: Supp. Table 1)
mch	AoU	EUR, unrelated, downsampled	tsuo_greml	AoU · GREML (Tsuo 2026)	GCTA-GREML	not stated separately (study used common HapMap3 variants)	0.1781	0.0223		raw phenotype; covariates age + sex + 10 PCs	close	N not reported: downsampled to the smallest unrelated N across AoU EUR/AFR/AMR and UKB EUR training sets for this trait	Tsuo K, Shi Z, Ge T, Mandla R, Hou K, Ding Y, Pasaniuc B, Wang Y, Martin AR. All of Us diversity and scale yield context-dependent improvements in polygenic prediction. Nat Genet (2026)	10.1038/s41588-026-02734-4	Supplementary Table 2, GCTA-GREML columns
mch	UKB	EUR, unrelated, downsampled	tsuo_greml	UKB · GREML (Tsuo 2026)	GCTA-GREML	not stated separately (study used common HapMap3 variants)	0.1126	0.0169		raw phenotype; covariates age + sex + 10 PCs	close	N not reported: downsampled to the smallest unrelated N across AoU EUR/AFR/AMR and UKB EUR training sets for this trait	Tsuo K, Shi Z, Ge T, Mandla R, Hou K, Ding Y, Pasaniuc B, Wang Y, Martin AR. All of Us diversity and scale yield context-dependent improvements in polygenic prediction. Nat Genet (2026)	10.1038/s41588-026-02734-4	Supplementary Table 2, GCTA-GREML columns
wbc_count	AoU	EUR (random forest on HGDP+1KG), related included	tsuo_ldsc	AoU · LDSC (Tsuo 2026)	LDSC, univariate	HapMap3, UKB EUR LD reference	0.0963	0.0109	62662	inverse-rank-normalised; REGENIE GWAS, age + sex + 10 PCs; AoU v7	exact		Tsuo K, Shi Z, Ge T, Mandla R, Hou K, Ding Y, Pasaniuc B, Wang Y, Martin AR. All of Us diversity and scale yield context-dependent improvements in polygenic prediction. Nat Genet (2026)	10.1038/s41588-026-02734-4	Supplementary Table 2 (N: Supp. Table 1)
wbc_count	AoU	EUR, unrelated, downsampled	tsuo_greml	AoU · GREML (Tsuo 2026)	GCTA-GREML	not stated separately (study used common HapMap3 variants)	0.1389	0.0249		raw phenotype; covariates age + sex + 10 PCs	close	N not reported: downsampled to the smallest unrelated N across AoU EUR/AFR/AMR and UKB EUR training sets for this trait	Tsuo K, Shi Z, Ge T, Mandla R, Hou K, Ding Y, Pasaniuc B, Wang Y, Martin AR. All of Us diversity and scale yield context-dependent improvements in polygenic prediction. Nat Genet (2026)	10.1038/s41588-026-02734-4	Supplementary Table 2, GCTA-GREML columns
wbc_count	UKB	EUR, unrelated, downsampled	tsuo_greml	UKB · GREML (Tsuo 2026)	GCTA-GREML	not stated separately (study used common HapMap3 variants)	0.0688	0.0182		raw phenotype; covariates age + sex + 10 PCs	close	N not reported: downsampled to the smallest unrelated N across AoU EUR/AFR/AMR and UKB EUR training sets for this trait	Tsuo K, Shi Z, Ge T, Mandla R, Hou K, Ding Y, Pasaniuc B, Wang Y, Martin AR. All of Us diversity and scale yield context-dependent improvements in polygenic prediction. Nat Genet (2026)	10.1038/s41588-026-02734-4	Supplementary Table 2, GCTA-GREML columns
rbc_count	AoU	EUR (random forest on HGDP+1KG), related included	tsuo_ldsc	AoU · LDSC (Tsuo 2026)	LDSC, univariate	HapMap3, UKB EUR LD reference	0.0707	0.0099	67993	inverse-rank-normalised; REGENIE GWAS, age + sex + 10 PCs; AoU v7	exact		Tsuo K, Shi Z, Ge T, Mandla R, Hou K, Ding Y, Pasaniuc B, Wang Y, Martin AR. All of Us diversity and scale yield context-dependent improvements in polygenic prediction. Nat Genet (2026)	10.1038/s41588-026-02734-4	Supplementary Table 2 (N: Supp. Table 1)
rbc_count	AoU	EUR, unrelated, downsampled	tsuo_greml	AoU · GREML (Tsuo 2026)	GCTA-GREML	not stated separately (study used common HapMap3 variants)	0.0909	0.0211		raw phenotype; covariates age + sex + 10 PCs	close	N not reported: downsampled to the smallest unrelated N across AoU EUR/AFR/AMR and UKB EUR training sets for this trait	Tsuo K, Shi Z, Ge T, Mandla R, Hou K, Ding Y, Pasaniuc B, Wang Y, Martin AR. All of Us diversity and scale yield context-dependent improvements in polygenic prediction. Nat Genet (2026)	10.1038/s41588-026-02734-4	Supplementary Table 2, GCTA-GREML columns
rbc_count	UKB	EUR, unrelated, downsampled	tsuo_greml	UKB · GREML (Tsuo 2026)	GCTA-GREML	not stated separately (study used common HapMap3 variants)	0.1456	0.017		raw phenotype; covariates age + sex + 10 PCs	close	N not reported: downsampled to the smallest unrelated N across AoU EUR/AFR/AMR and UKB EUR training sets for this trait	Tsuo K, Shi Z, Ge T, Mandla R, Hou K, Ding Y, Pasaniuc B, Wang Y, Martin AR. All of Us diversity and scale yield context-dependent improvements in polygenic prediction. Nat Genet (2026)	10.1038/s41588-026-02734-4	Supplementary Table 2, GCTA-GREML columns
neutrophil_count	AoU	EUR (random forest on HGDP+1KG), related included	tsuo_ldsc	AoU · LDSC (Tsuo 2026)	LDSC, univariate	HapMap3, UKB EUR LD reference	0.0762	0.0138	44190	inverse-rank-normalised; REGENIE GWAS, age + sex + 10 PCs; AoU v7	exact		Tsuo K, Shi Z, Ge T, Mandla R, Hou K, Ding Y, Pasaniuc B, Wang Y, Martin AR. All of Us diversity and scale yield context-dependent improvements in polygenic prediction. Nat Genet (2026)	10.1038/s41588-026-02734-4	Supplementary Table 2 (N: Supp. Table 1)
neutrophil_count	AoU	EUR, unrelated, downsampled	tsuo_greml	AoU · GREML (Tsuo 2026)	GCTA-GREML	not stated separately (study used common HapMap3 variants)	0.096	0.034		raw phenotype; covariates age + sex + 10 PCs	close	N not reported: downsampled to the smallest unrelated N across AoU EUR/AFR/AMR and UKB EUR training sets for this trait	Tsuo K, Shi Z, Ge T, Mandla R, Hou K, Ding Y, Pasaniuc B, Wang Y, Martin AR. All of Us diversity and scale yield context-dependent improvements in polygenic prediction. Nat Genet (2026)	10.1038/s41588-026-02734-4	Supplementary Table 2, GCTA-GREML columns
neutrophil_count	UKB	EUR, unrelated, downsampled	tsuo_greml	UKB · GREML (Tsuo 2026)	GCTA-GREML	not stated separately (study used common HapMap3 variants)	0.1371	0.0262		raw phenotype; covariates age + sex + 10 PCs	close	N not reported: downsampled to the smallest unrelated N across AoU EUR/AFR/AMR and UKB EUR training sets for this trait	Tsuo K, Shi Z, Ge T, Mandla R, Hou K, Ding Y, Pasaniuc B, Wang Y, Martin AR. All of Us diversity and scale yield context-dependent improvements in polygenic prediction. Nat Genet (2026)	10.1038/s41588-026-02734-4	Supplementary Table 2, GCTA-GREML columns
eosinophil_count	AoU	EUR (random forest on HGDP+1KG), related included	tsuo_ldsc	AoU · LDSC (Tsuo 2026)	LDSC, univariate	HapMap3, UKB EUR LD reference	0.0622	0.0108	54715	inverse-rank-normalised; REGENIE GWAS, age + sex + 10 PCs; AoU v7	exact		Tsuo K, Shi Z, Ge T, Mandla R, Hou K, Ding Y, Pasaniuc B, Wang Y, Martin AR. All of Us diversity and scale yield context-dependent improvements in polygenic prediction. Nat Genet (2026)	10.1038/s41588-026-02734-4	Supplementary Table 2 (N: Supp. Table 1)
eosinophil_count	AoU	EUR, unrelated, downsampled	tsuo_greml	AoU · GREML (Tsuo 2026)	GCTA-GREML	not stated separately (study used common HapMap3 variants)	0.1393	0.029		raw phenotype; covariates age + sex + 10 PCs	close	N not reported: downsampled to the smallest unrelated N across AoU EUR/AFR/AMR and UKB EUR training sets for this trait	Tsuo K, Shi Z, Ge T, Mandla R, Hou K, Ding Y, Pasaniuc B, Wang Y, Martin AR. All of Us diversity and scale yield context-dependent improvements in polygenic prediction. Nat Genet (2026)	10.1038/s41588-026-02734-4	Supplementary Table 2, GCTA-GREML columns
eosinophil_count	UKB	EUR, unrelated, downsampled	tsuo_greml	UKB · GREML (Tsuo 2026)	GCTA-GREML	not stated separately (study used common HapMap3 variants)	0.0978	0.0216		raw phenotype; covariates age + sex + 10 PCs	close	N not reported: downsampled to the smallest unrelated N across AoU EUR/AFR/AMR and UKB EUR training sets for this trait	Tsuo K, Shi Z, Ge T, Mandla R, Hou K, Ding Y, Pasaniuc B, Wang Y, Martin AR. All of Us diversity and scale yield context-dependent improvements in polygenic prediction. Nat Genet (2026)	10.1038/s41588-026-02734-4	Supplementary Table 2, GCTA-GREML columns
diastolic_bp	AoU	EUR (random forest on HGDP+1KG), related included	tsuo_ldsc	AoU · LDSC (Tsuo 2026)	LDSC, univariate	HapMap3, UKB EUR LD reference	0.0514	0.0054	109424	inverse-rank-normalised; REGENIE GWAS, age + sex + 10 PCs; AoU v7	exact		Tsuo K, Shi Z, Ge T, Mandla R, Hou K, Ding Y, Pasaniuc B, Wang Y, Martin AR. All of Us diversity and scale yield context-dependent improvements in polygenic prediction. Nat Genet (2026)	10.1038/s41588-026-02734-4	Supplementary Table 2 (N: Supp. Table 1)
diastolic_bp	AoU	EUR, unrelated, downsampled	tsuo_greml	AoU · GREML (Tsuo 2026)	GCTA-GREML	not stated separately (study used common HapMap3 variants)	0.0633	0.0118		raw phenotype; covariates age + sex + 10 PCs	close	N not reported: downsampled to the smallest unrelated N across AoU EUR/AFR/AMR and UKB EUR training sets for this trait	Tsuo K, Shi Z, Ge T, Mandla R, Hou K, Ding Y, Pasaniuc B, Wang Y, Martin AR. All of Us diversity and scale yield context-dependent improvements in polygenic prediction. Nat Genet (2026)	10.1038/s41588-026-02734-4	Supplementary Table 2, GCTA-GREML columns
diastolic_bp	UKB	EUR, unrelated, downsampled	tsuo_greml	UKB · GREML (Tsuo 2026)	GCTA-GREML	not stated separately (study used common HapMap3 variants)	0.0915	0.0098		raw phenotype; covariates age + sex + 10 PCs	close	N not reported: downsampled to the smallest unrelated N across AoU EUR/AFR/AMR and UKB EUR training sets for this trait; UKB blood-pressure definition not stated	Tsuo K, Shi Z, Ge T, Mandla R, Hou K, Ding Y, Pasaniuc B, Wang Y, Martin AR. All of Us diversity and scale yield context-dependent improvements in polygenic prediction. Nat Genet (2026)	10.1038/s41588-026-02734-4	Supplementary Table 2, GCTA-GREML columns
systolic_bp	AoU	EUR (random forest on HGDP+1KG), related included	tsuo_ldsc	AoU · LDSC (Tsuo 2026)	LDSC, univariate	HapMap3, UKB EUR LD reference	0.0759	0.0056	109493	inverse-rank-normalised; REGENIE GWAS, age + sex + 10 PCs; AoU v7	exact		Tsuo K, Shi Z, Ge T, Mandla R, Hou K, Ding Y, Pasaniuc B, Wang Y, Martin AR. All of Us diversity and scale yield context-dependent improvements in polygenic prediction. Nat Genet (2026)	10.1038/s41588-026-02734-4	Supplementary Table 2 (N: Supp. Table 1)
systolic_bp	AoU	EUR, unrelated, downsampled	tsuo_greml	AoU · GREML (Tsuo 2026)	GCTA-GREML	not stated separately (study used common HapMap3 variants)	0.0399	0.0115		raw phenotype; covariates age + sex + 10 PCs	close	N not reported: downsampled to the smallest unrelated N across AoU EUR/AFR/AMR and UKB EUR training sets for this trait	Tsuo K, Shi Z, Ge T, Mandla R, Hou K, Ding Y, Pasaniuc B, Wang Y, Martin AR. All of Us diversity and scale yield context-dependent improvements in polygenic prediction. Nat Genet (2026)	10.1038/s41588-026-02734-4	Supplementary Table 2, GCTA-GREML columns
systolic_bp	UKB	EUR, unrelated, downsampled	tsuo_greml	UKB · GREML (Tsuo 2026)	GCTA-GREML	not stated separately (study used common HapMap3 variants)	0.1207	0.0101		raw phenotype; covariates age + sex + 10 PCs	close	N not reported: downsampled to the smallest unrelated N across AoU EUR/AFR/AMR and UKB EUR training sets for this trait; UKB blood-pressure definition not stated	Tsuo K, Shi Z, Ge T, Mandla R, Hou K, Ding Y, Pasaniuc B, Wang Y, Martin AR. All of Us diversity and scale yield context-dependent improvements in polygenic prediction. Nat Genet (2026)	10.1038/s41588-026-02734-4	Supplementary Table 2, GCTA-GREML columns
bmi	AoU	White-British-like (RF on GBMI PCs), kinship <= 0.1 removed	cole_ldsc	AoU · LDSC (Cole 2026, preprint)	LDSC, univariate	HapMap3, EUR LD scores; GWAS on ACAF WGS subset	0.2143	0.0103	198762	raw trait; PLINK 2 linear, age, age^2, sex, sex x age, sex x age^2, 16 PCs	close		Cole JM, Rybacki S, Smith SP, Smith OS, Harpak A. Representation in genetic studies affects inference about genetic architecture. bioRxiv (2026), v2; preprint	10.64898/2026.01.12.699135	Table S2 (N: Table S1)
height	AoU	White-British-like (RF on GBMI PCs), kinship <= 0.1 removed	cole_ldsc	AoU · LDSC (Cole 2026, preprint)	LDSC, univariate	HapMap3, EUR LD scores; GWAS on ACAF WGS subset	0.3865	0.0205	199529	raw trait; PLINK 2 linear, age, age^2, sex, sex x age, sex x age^2, 16 PCs	close		Cole JM, Rybacki S, Smith SP, Smith OS, Harpak A. Representation in genetic studies affects inference about genetic architecture. bioRxiv (2026), v2; preprint	10.64898/2026.01.12.699135	Table S2 (N: Table S1)
mch	AoU	White-British-like (RF on GBMI PCs), kinship <= 0.1 removed	cole_ldsc	AoU · LDSC (Cole 2026, preprint)	LDSC, univariate	HapMap3, EUR LD scores; GWAS on ACAF WGS subset	0.1826	0.0202	96648	raw trait; PLINK 2 linear, age, age^2, sex, sex x age, sex x age^2, 16 PCs; per-person median of repeated labs	close		Cole JM, Rybacki S, Smith SP, Smith OS, Harpak A. Representation in genetic studies affects inference about genetic architecture. bioRxiv (2026), v2; preprint	10.64898/2026.01.12.699135	Table S2 (N: Table S1)
rbc_count	AoU	White-British-like (RF on GBMI PCs), kinship <= 0.1 removed	cole_ldsc	AoU · LDSC (Cole 2026, preprint)	LDSC, univariate	HapMap3, EUR LD scores; GWAS on ACAF WGS subset	0.0928	0.0118	68492	raw trait; PLINK 2 linear, age, age^2, sex, sex x age, sex x age^2, 16 PCs; per-person median of repeated labs	close		Cole JM, Rybacki S, Smith SP, Smith OS, Harpak A. Representation in genetic studies affects inference about genetic architecture. bioRxiv (2026), v2; preprint	10.64898/2026.01.12.699135	Table S2 (N: Table S1)
weight	AoU	White-British-like (RF on GBMI PCs), kinship <= 0.1 removed	cole_ldsc	AoU · LDSC (Cole 2026, preprint)	LDSC, univariate	HapMap3, EUR LD scores; GWAS on ACAF WGS subset	0.2141	0.0106	199194	raw trait; PLINK 2 linear, age, age^2, sex, sex x age, sex x age^2, 16 PCs	close		Cole JM, Rybacki S, Smith SP, Smith OS, Harpak A. Representation in genetic studies affects inference about genetic architecture. bioRxiv (2026), v2; preprint	10.64898/2026.01.12.699135	Table S2 (N: Table S1)
wbc_count	AoU	White-British-like (RF on GBMI PCs), kinship <= 0.1 removed	cole_ldsc	AoU · LDSC (Cole 2026, preprint)	LDSC, univariate	HapMap3, EUR LD scores; GWAS on ACAF WGS subset	0.0695	0.0102	71892	raw trait; PLINK 2 linear, age, age^2, sex, sex x age, sex x age^2, 16 PCs; per-person median of repeated labs	close		Cole JM, Rybacki S, Smith SP, Smith OS, Harpak A. Representation in genetic studies affects inference about genetic architecture. bioRxiv (2026), v2; preprint	10.64898/2026.01.12.699135	Table S2 (N: Table S1)
height	UKB	EUR	panukb_ldsc	UKB · LDSC (Pan-UKB)	LDSC, univariate	HapMap3, MAF>=1%, in-sample UKB LD scores	0.5418	0.0259	419596	UKB field 50 (irnt)	exact		Karczewski KJ, Gupta R, Kanai M, et al. Pan-UK Biobank genome-wide association analyses enhance discovery and resolution of ancestry-enriched effects. Nat Genet 57:2408-2417 (2025)	10.1038/s41588-025-02335-7	h2_manifest.tsv.bgz (pan.ukbb.broadinstitute.org/downloads), pop=EUR, both_sexes
height	UKB	EUR	panukb_sldsc	UKB · S-LDSC 25-bin (Pan-UKB)	S-LDSC, 25 bins (5 MAF x 5 LD)	HapMap3, MAF>=1%, in-sample UKB LD scores	0.5876	0.0293	419596	UKB field 50 (irnt)	exact		Karczewski KJ, Gupta R, Kanai M, et al. Pan-UK Biobank genome-wide association analyses enhance discovery and resolution of ancestry-enriched effects. Nat Genet 57:2408-2417 (2025)	10.1038/s41588-025-02335-7	h2_manifest.tsv.bgz (pan.ukbb.broadinstitute.org/downloads), pop=EUR, both_sexes
height	UKB	EUR (White British, unrelated)	neale_sldsc	UKB · S-LDSC Baseline-LD (Neale lab)	S-LDSC, Baseline-LD v1.1	HapMap3, MAF>1%, INFO>0.9, 1000G EUR LD scores	0.4852	0.0218	360388	UKB 50_irnt	exact		Neale Lab. UK Biobank GWAS Round 2, SNP-heritability by partitioned LDSC (2018; heritability release 02 Oct 2019)	https://nealelab.github.io/UKBB_ldsc/	ukb31063_h2_all.02Oct2019.tsv.gz, both_sexes, primary row
weight	UKB	EUR	panukb_ldsc	UKB · LDSC (Pan-UKB)	LDSC, univariate	HapMap3, MAF>=1%, in-sample UKB LD scores	0.2557	0.0092	419316	UKB field 21002 (irnt)	exact		Karczewski KJ, Gupta R, Kanai M, et al. Pan-UK Biobank genome-wide association analyses enhance discovery and resolution of ancestry-enriched effects. Nat Genet 57:2408-2417 (2025)	10.1038/s41588-025-02335-7	h2_manifest.tsv.bgz (pan.ukbb.broadinstitute.org/downloads), pop=EUR, both_sexes
weight	UKB	EUR	panukb_sldsc	UKB · S-LDSC 25-bin (Pan-UKB)	S-LDSC, 25 bins (5 MAF x 5 LD)	HapMap3, MAF>=1%, in-sample UKB LD scores	0.3002	0.0105	419316	UKB field 21002 (irnt)	exact		Karczewski KJ, Gupta R, Kanai M, et al. Pan-UK Biobank genome-wide association analyses enhance discovery and resolution of ancestry-enriched effects. Nat Genet 57:2408-2417 (2025)	10.1038/s41588-025-02335-7	h2_manifest.tsv.bgz (pan.ukbb.broadinstitute.org/downloads), pop=EUR, both_sexes
weight	UKB	EUR (White British, unrelated)	neale_sldsc	UKB · S-LDSC Baseline-LD (Neale lab)	S-LDSC, Baseline-LD v1.1	HapMap3, MAF>1%, INFO>0.9, 1000G EUR LD scores	0.2654	0.0098	360116	UKB 21002_irnt	exact		Neale Lab. UK Biobank GWAS Round 2, SNP-heritability by partitioned LDSC (2018; heritability release 02 Oct 2019)	https://nealelab.github.io/UKBB_ldsc/	ukb31063_h2_all.02Oct2019.tsv.gz, both_sexes, primary row
bmi	UKB	EUR	panukb_rhemc	UKB · RHE-mc (Pan-UKB)	RHE-mc, 8 bins (2 MAF x 4 LD)	genotyped; pilot trait set only in EUR	0.2591	0.0085	419163	UKB field 21001 (irnt)	exact		Karczewski KJ, Gupta R, Kanai M, et al. Pan-UK Biobank genome-wide association analyses enhance discovery and resolution of ancestry-enriched effects. Nat Genet 57:2408-2417 (2025)	10.1038/s41588-025-02335-7	h2_manifest.tsv.bgz (pan.ukbb.broadinstitute.org/downloads), pop=EUR, both_sexes
bmi	UKB	EUR	panukb_ldsc	UKB · LDSC (Pan-UKB)	LDSC, univariate	HapMap3, MAF>=1%, in-sample UKB LD scores	0.2272	0.0078	419163	UKB field 21001 (irnt)	exact		Karczewski KJ, Gupta R, Kanai M, et al. Pan-UK Biobank genome-wide association analyses enhance discovery and resolution of ancestry-enriched effects. Nat Genet 57:2408-2417 (2025)	10.1038/s41588-025-02335-7	h2_manifest.tsv.bgz (pan.ukbb.broadinstitute.org/downloads), pop=EUR, both_sexes
bmi	UKB	EUR	panukb_sldsc	UKB · S-LDSC 25-bin (Pan-UKB)	S-LDSC, 25 bins (5 MAF x 5 LD)	HapMap3, MAF>=1%, in-sample UKB LD scores	0.2623	0.0084	419163	UKB field 21001 (irnt)	exact		Karczewski KJ, Gupta R, Kanai M, et al. Pan-UK Biobank genome-wide association analyses enhance discovery and resolution of ancestry-enriched effects. Nat Genet 57:2408-2417 (2025)	10.1038/s41588-025-02335-7	h2_manifest.tsv.bgz (pan.ukbb.broadinstitute.org/downloads), pop=EUR, both_sexes
bmi	UKB	EUR (White British, unrelated)	neale_sldsc	UKB · S-LDSC Baseline-LD (Neale lab)	S-LDSC, Baseline-LD v1.1	HapMap3, MAF>1%, INFO>0.9, 1000G EUR LD scores	0.2482	0.0084	359983	UKB 21001_irnt	exact		Neale Lab. UK Biobank GWAS Round 2, SNP-heritability by partitioned LDSC (2018; heritability release 02 Oct 2019)	https://nealelab.github.io/UKBB_ldsc/	ukb31063_h2_all.02Oct2019.tsv.gz, both_sexes, primary row
waist_circumference	UKB	EUR	panukb_ldsc	UKB · LDSC (Pan-UKB)	LDSC, univariate	HapMap3, MAF>=1%, in-sample UKB LD scores	0.1942	0.0068	419807	UKB field 48 (irnt)	exact		Karczewski KJ, Gupta R, Kanai M, et al. Pan-UK Biobank genome-wide association analyses enhance discovery and resolution of ancestry-enriched effects. Nat Genet 57:2408-2417 (2025)	10.1038/s41588-025-02335-7	h2_manifest.tsv.bgz (pan.ukbb.broadinstitute.org/downloads), pop=EUR, both_sexes
waist_circumference	UKB	EUR	panukb_sldsc	UKB · S-LDSC 25-bin (Pan-UKB)	S-LDSC, 25 bins (5 MAF x 5 LD)	HapMap3, MAF>=1%, in-sample UKB LD scores	0.2226	0.0073	419807	UKB field 48 (irnt)	exact		Karczewski KJ, Gupta R, Kanai M, et al. Pan-UK Biobank genome-wide association analyses enhance discovery and resolution of ancestry-enriched effects. Nat Genet 57:2408-2417 (2025)	10.1038/s41588-025-02335-7	h2_manifest.tsv.bgz (pan.ukbb.broadinstitute.org/downloads), pop=EUR, both_sexes
waist_circumference	UKB	EUR (White British, unrelated)	neale_sldsc	UKB · S-LDSC Baseline-LD (Neale lab)	S-LDSC, Baseline-LD v1.1	HapMap3, MAF>1%, INFO>0.9, 1000G EUR LD scores	0.2057	0.0073	360564	UKB 48_irnt	exact		Neale Lab. UK Biobank GWAS Round 2, SNP-heritability by partitioned LDSC (2018; heritability release 02 Oct 2019)	https://nealelab.github.io/UKBB_ldsc/	ukb31063_h2_all.02Oct2019.tsv.gz, both_sexes, primary row
hip_circumference	UKB	EUR	panukb_ldsc	UKB · LDSC (Pan-UKB)	LDSC, univariate	HapMap3, MAF>=1%, in-sample UKB LD scores	0.209	0.0079	419757	UKB field 49 (irnt)	exact		Karczewski KJ, Gupta R, Kanai M, et al. Pan-UK Biobank genome-wide association analyses enhance discovery and resolution of ancestry-enriched effects. Nat Genet 57:2408-2417 (2025)	10.1038/s41588-025-02335-7	h2_manifest.tsv.bgz (pan.ukbb.broadinstitute.org/downloads), pop=EUR, both_sexes
hip_circumference	UKB	EUR	panukb_sldsc	UKB · S-LDSC 25-bin (Pan-UKB)	S-LDSC, 25 bins (5 MAF x 5 LD)	HapMap3, MAF>=1%, in-sample UKB LD scores	0.2504	0.0093	419757	UKB field 49 (irnt)	exact		Karczewski KJ, Gupta R, Kanai M, et al. Pan-UK Biobank genome-wide association analyses enhance discovery and resolution of ancestry-enriched effects. Nat Genet 57:2408-2417 (2025)	10.1038/s41588-025-02335-7	h2_manifest.tsv.bgz (pan.ukbb.broadinstitute.org/downloads), pop=EUR, both_sexes
hip_circumference	UKB	EUR (White British, unrelated)	neale_sldsc	UKB · S-LDSC Baseline-LD (Neale lab)	S-LDSC, Baseline-LD v1.1	HapMap3, MAF>1%, INFO>0.9, 1000G EUR LD scores	0.2232	0.0078	360521	UKB 49_irnt	exact		Neale Lab. UK Biobank GWAS Round 2, SNP-heritability by partitioned LDSC (2018; heritability release 02 Oct 2019)	https://nealelab.github.io/UKBB_ldsc/	ukb31063_h2_all.02Oct2019.tsv.gz, both_sexes, primary row
waist_hip_ratio	UKB	EUR	panukb_ldsc	UKB · LDSC (Pan-UKB)	LDSC, univariate	HapMap3, MAF>=1%, in-sample UKB LD scores	0.1487	0.0059	420531	UKB field whr (irnt)	exact	Pan-UKB custom trait: field 48 / field 49	Karczewski KJ, Gupta R, Kanai M, et al. Pan-UK Biobank genome-wide association analyses enhance discovery and resolution of ancestry-enriched effects. Nat Genet 57:2408-2417 (2025)	10.1038/s41588-025-02335-7	h2_manifest.tsv.bgz (pan.ukbb.broadinstitute.org/downloads), pop=EUR, both_sexes
waist_hip_ratio	UKB	EUR	panukb_sldsc	UKB · S-LDSC 25-bin (Pan-UKB)	S-LDSC, 25 bins (5 MAF x 5 LD)	HapMap3, MAF>=1%, in-sample UKB LD scores	0.1736	0.0076	420531	UKB field whr (irnt)	exact	Pan-UKB custom trait: field 48 / field 49	Karczewski KJ, Gupta R, Kanai M, et al. Pan-UK Biobank genome-wide association analyses enhance discovery and resolution of ancestry-enriched effects. Nat Genet 57:2408-2417 (2025)	10.1038/s41588-025-02335-7	h2_manifest.tsv.bgz (pan.ukbb.broadinstitute.org/downloads), pop=EUR, both_sexes
heart_rate	UKB	EUR	panukb_ldsc	UKB · LDSC (Pan-UKB)	LDSC, univariate	HapMap3, MAF>=1%, in-sample UKB LD scores	0.1417	0.0092	396667	UKB field 102 (irnt)	exact	UKB pulse rate, automated reading	Karczewski KJ, Gupta R, Kanai M, et al. Pan-UK Biobank genome-wide association analyses enhance discovery and resolution of ancestry-enriched effects. Nat Genet 57:2408-2417 (2025)	10.1038/s41588-025-02335-7	h2_manifest.tsv.bgz (pan.ukbb.broadinstitute.org/downloads), pop=EUR, both_sexes
heart_rate	UKB	EUR	panukb_sldsc	UKB · S-LDSC 25-bin (Pan-UKB)	S-LDSC, 25 bins (5 MAF x 5 LD)	HapMap3, MAF>=1%, in-sample UKB LD scores	0.1548	0.009	396667	UKB field 102 (irnt)	exact	UKB pulse rate, automated reading	Karczewski KJ, Gupta R, Kanai M, et al. Pan-UK Biobank genome-wide association analyses enhance discovery and resolution of ancestry-enriched effects. Nat Genet 57:2408-2417 (2025)	10.1038/s41588-025-02335-7	h2_manifest.tsv.bgz (pan.ukbb.broadinstitute.org/downloads), pop=EUR, both_sexes
heart_rate	UKB	EUR (White British, unrelated)	neale_sldsc	UKB · S-LDSC Baseline-LD (Neale lab)	S-LDSC, Baseline-LD v1.1	HapMap3, MAF>1%, INFO>0.9, 1000G EUR LD scores	0.1571	0.0103	340162	UKB 102_irnt	exact	UKB pulse rate, automated reading	Neale Lab. UK Biobank GWAS Round 2, SNP-heritability by partitioned LDSC (2018; heritability release 02 Oct 2019)	https://nealelab.github.io/UKBB_ldsc/	ukb31063_h2_all.02Oct2019.tsv.gz, both_sexes, primary row
diastolic_bp	UKB	EUR	panukb_rhemc	UKB · RHE-mc (Pan-UKB)	RHE-mc, 8 bins (2 MAF x 4 LD)	genotyped; pilot trait set only in EUR	0.1532	0.0053	396667	UKB field 4079 (irnt)	exact	automated reading, not medication-adjusted	Karczewski KJ, Gupta R, Kanai M, et al. Pan-UK Biobank genome-wide association analyses enhance discovery and resolution of ancestry-enriched effects. Nat Genet 57:2408-2417 (2025)	10.1038/s41588-025-02335-7	h2_manifest.tsv.bgz (pan.ukbb.broadinstitute.org/downloads), pop=EUR, both_sexes
diastolic_bp	UKB	EUR	panukb_ldsc	UKB · LDSC (Pan-UKB)	LDSC, univariate	HapMap3, MAF>=1%, in-sample UKB LD scores	0.1262	0.0058	396667	UKB field 4079 (irnt)	exact	automated reading, not medication-adjusted	Karczewski KJ, Gupta R, Kanai M, et al. Pan-UK Biobank genome-wide association analyses enhance discovery and resolution of ancestry-enriched effects. Nat Genet 57:2408-2417 (2025)	10.1038/s41588-025-02335-7	h2_manifest.tsv.bgz (pan.ukbb.broadinstitute.org/downloads), pop=EUR, both_sexes
diastolic_bp	UKB	EUR	panukb_sldsc	UKB · S-LDSC 25-bin (Pan-UKB)	S-LDSC, 25 bins (5 MAF x 5 LD)	HapMap3, MAF>=1%, in-sample UKB LD scores	0.1482	0.0067	396667	UKB field 4079 (irnt)	exact	automated reading, not medication-adjusted	Karczewski KJ, Gupta R, Kanai M, et al. Pan-UK Biobank genome-wide association analyses enhance discovery and resolution of ancestry-enriched effects. Nat Genet 57:2408-2417 (2025)	10.1038/s41588-025-02335-7	h2_manifest.tsv.bgz (pan.ukbb.broadinstitute.org/downloads), pop=EUR, both_sexes
diastolic_bp	UKB	EUR (White British, unrelated)	neale_sldsc	UKB · S-LDSC Baseline-LD (Neale lab)	S-LDSC, Baseline-LD v1.1	HapMap3, MAF>1%, INFO>0.9, 1000G EUR LD scores	0.1433	0.0058	340162	UKB 4079_irnt	exact	automated reading, not medication-adjusted	Neale Lab. UK Biobank GWAS Round 2, SNP-heritability by partitioned LDSC (2018; heritability release 02 Oct 2019)	https://nealelab.github.io/UKBB_ldsc/	ukb31063_h2_all.02Oct2019.tsv.gz, both_sexes, primary row
systolic_bp	UKB	EUR	panukb_rhemc	UKB · RHE-mc (Pan-UKB)	RHE-mc, 8 bins (2 MAF x 4 LD)	genotyped; pilot trait set only in EUR	0.1641	0.0059	396663	UKB field 4080 (irnt)	exact	automated reading, not medication-adjusted	Karczewski KJ, Gupta R, Kanai M, et al. Pan-UK Biobank genome-wide association analyses enhance discovery and resolution of ancestry-enriched effects. Nat Genet 57:2408-2417 (2025)	10.1038/s41588-025-02335-7	h2_manifest.tsv.bgz (pan.ukbb.broadinstitute.org/downloads), pop=EUR, both_sexes
systolic_bp	UKB	EUR	panukb_ldsc	UKB · LDSC (Pan-UKB)	LDSC, univariate	HapMap3, MAF>=1%, in-sample UKB LD scores	0.1335	0.0056	396663	UKB field 4080 (irnt)	exact	automated reading, not medication-adjusted	Karczewski KJ, Gupta R, Kanai M, et al. Pan-UK Biobank genome-wide association analyses enhance discovery and resolution of ancestry-enriched effects. Nat Genet 57:2408-2417 (2025)	10.1038/s41588-025-02335-7	h2_manifest.tsv.bgz (pan.ukbb.broadinstitute.org/downloads), pop=EUR, both_sexes
systolic_bp	UKB	EUR	panukb_sldsc	UKB · S-LDSC 25-bin (Pan-UKB)	S-LDSC, 25 bins (5 MAF x 5 LD)	HapMap3, MAF>=1%, in-sample UKB LD scores	0.1595	0.0065	396663	UKB field 4080 (irnt)	exact	automated reading, not medication-adjusted	Karczewski KJ, Gupta R, Kanai M, et al. Pan-UK Biobank genome-wide association analyses enhance discovery and resolution of ancestry-enriched effects. Nat Genet 57:2408-2417 (2025)	10.1038/s41588-025-02335-7	h2_manifest.tsv.bgz (pan.ukbb.broadinstitute.org/downloads), pop=EUR, both_sexes
systolic_bp	UKB	EUR (White British, unrelated)	neale_sldsc	UKB · S-LDSC Baseline-LD (Neale lab)	S-LDSC, Baseline-LD v1.1	HapMap3, MAF>1%, INFO>0.9, 1000G EUR LD scores	0.1512	0.0063	340159	UKB 4080_irnt	exact	automated reading, not medication-adjusted	Neale Lab. UK Biobank GWAS Round 2, SNP-heritability by partitioned LDSC (2018; heritability release 02 Oct 2019)	https://nealelab.github.io/UKBB_ldsc/	ukb31063_h2_all.02Oct2019.tsv.gz, both_sexes, primary row
hdl_cholesterol	UKB	EUR	panukb_rhemc	UKB · RHE-mc (Pan-UKB)	RHE-mc, 8 bins (2 MAF x 4 LD)	genotyped; pilot trait set only in EUR	0.3254	0.0677	367021	UKB field 30760 (irnt)	exact		Karczewski KJ, Gupta R, Kanai M, et al. Pan-UK Biobank genome-wide association analyses enhance discovery and resolution of ancestry-enriched effects. Nat Genet 57:2408-2417 (2025)	10.1038/s41588-025-02335-7	h2_manifest.tsv.bgz (pan.ukbb.broadinstitute.org/downloads), pop=EUR, both_sexes
hdl_cholesterol	UKB	EUR	panukb_ldsc	UKB · LDSC (Pan-UKB)	LDSC, univariate	HapMap3, MAF>=1%, in-sample UKB LD scores	0.2349	0.0218	367021	UKB field 30760 (irnt)	exact		Karczewski KJ, Gupta R, Kanai M, et al. Pan-UK Biobank genome-wide association analyses enhance discovery and resolution of ancestry-enriched effects. Nat Genet 57:2408-2417 (2025)	10.1038/s41588-025-02335-7	h2_manifest.tsv.bgz (pan.ukbb.broadinstitute.org/downloads), pop=EUR, both_sexes
hdl_cholesterol	UKB	EUR	panukb_sldsc	UKB · S-LDSC 25-bin (Pan-UKB)	S-LDSC, 25 bins (5 MAF x 5 LD)	HapMap3, MAF>=1%, in-sample UKB LD scores	0.2297	0.0159	367021	UKB field 30760 (irnt)	exact		Karczewski KJ, Gupta R, Kanai M, et al. Pan-UK Biobank genome-wide association analyses enhance discovery and resolution of ancestry-enriched effects. Nat Genet 57:2408-2417 (2025)	10.1038/s41588-025-02335-7	h2_manifest.tsv.bgz (pan.ukbb.broadinstitute.org/downloads), pop=EUR, both_sexes
hdl_cholesterol	UKB	EUR (White British, unrelated)	neale_sldsc	UKB · S-LDSC Baseline-LD (Neale lab)	S-LDSC, Baseline-LD v1.1	HapMap3, MAF>1%, INFO>0.9, 1000G EUR LD scores	0.3295	0.0709	315133	UKB 30760_irnt	exact	Neale confidence: low	Neale Lab. UK Biobank GWAS Round 2, SNP-heritability by partitioned LDSC (2018; heritability release 02 Oct 2019)	https://nealelab.github.io/UKBB_ldsc/	ukb31063_h2_all.02Oct2019.tsv.gz, both_sexes, primary row
hba1c	UKB	EUR	panukb_rhemc	UKB · RHE-mc (Pan-UKB)	RHE-mc, 8 bins (2 MAF x 4 LD)	genotyped; pilot trait set only in EUR	0.2462	0.02	400825	UKB field 30750 (irnt)	exact		Karczewski KJ, Gupta R, Kanai M, et al. Pan-UK Biobank genome-wide association analyses enhance discovery and resolution of ancestry-enriched effects. Nat Genet 57:2408-2417 (2025)	10.1038/s41588-025-02335-7	h2_manifest.tsv.bgz (pan.ukbb.broadinstitute.org/downloads), pop=EUR, both_sexes
hba1c	UKB	EUR	panukb_ldsc	UKB · LDSC (Pan-UKB)	LDSC, univariate	HapMap3, MAF>=1%, in-sample UKB LD scores	0.1982	0.0147	400825	UKB field 30750 (irnt)	exact		Karczewski KJ, Gupta R, Kanai M, et al. Pan-UK Biobank genome-wide association analyses enhance discovery and resolution of ancestry-enriched effects. Nat Genet 57:2408-2417 (2025)	10.1038/s41588-025-02335-7	h2_manifest.tsv.bgz (pan.ukbb.broadinstitute.org/downloads), pop=EUR, both_sexes
hba1c	UKB	EUR	panukb_sldsc	UKB · S-LDSC 25-bin (Pan-UKB)	S-LDSC, 25 bins (5 MAF x 5 LD)	HapMap3, MAF>=1%, in-sample UKB LD scores	0.2097	0.0147	400825	UKB field 30750 (irnt)	exact		Karczewski KJ, Gupta R, Kanai M, et al. Pan-UK Biobank genome-wide association analyses enhance discovery and resolution of ancestry-enriched effects. Nat Genet 57:2408-2417 (2025)	10.1038/s41588-025-02335-7	h2_manifest.tsv.bgz (pan.ukbb.broadinstitute.org/downloads), pop=EUR, both_sexes
hba1c	UKB	EUR (White British, unrelated)	neale_sldsc	UKB · S-LDSC Baseline-LD (Neale lab)	S-LDSC, Baseline-LD v1.1	HapMap3, MAF>1%, INFO>0.9, 1000G EUR LD scores	0.196	0.0129	344182	UKB 30750_irnt	exact		Neale Lab. UK Biobank GWAS Round 2, SNP-heritability by partitioned LDSC (2018; heritability release 02 Oct 2019)	https://nealelab.github.io/UKBB_ldsc/	ukb31063_h2_all.02Oct2019.tsv.gz, both_sexes, primary row
triglycerides	UKB	EUR	panukb_rhemc	UKB · RHE-mc (Pan-UKB)	RHE-mc, 8 bins (2 MAF x 4 LD)	genotyped; pilot trait set only in EUR	0.2182	0.0246	400639	UKB field 30870 (irnt)	exact		Karczewski KJ, Gupta R, Kanai M, et al. Pan-UK Biobank genome-wide association analyses enhance discovery and resolution of ancestry-enriched effects. Nat Genet 57:2408-2417 (2025)	10.1038/s41588-025-02335-7	h2_manifest.tsv.bgz (pan.ukbb.broadinstitute.org/downloads), pop=EUR, both_sexes
triglycerides	UKB	EUR	panukb_ldsc	UKB · LDSC (Pan-UKB)	LDSC, univariate	HapMap3, MAF>=1%, in-sample UKB LD scores	0.1798	0.018	400639	UKB field 30870 (irnt)	exact		Karczewski KJ, Gupta R, Kanai M, et al. Pan-UK Biobank genome-wide association analyses enhance discovery and resolution of ancestry-enriched effects. Nat Genet 57:2408-2417 (2025)	10.1038/s41588-025-02335-7	h2_manifest.tsv.bgz (pan.ukbb.broadinstitute.org/downloads), pop=EUR, both_sexes
triglycerides	UKB	EUR	panukb_sldsc	UKB · S-LDSC 25-bin (Pan-UKB)	S-LDSC, 25 bins (5 MAF x 5 LD)	HapMap3, MAF>=1%, in-sample UKB LD scores	0.177	0.0139	400639	UKB field 30870 (irnt)	exact		Karczewski KJ, Gupta R, Kanai M, et al. Pan-UK Biobank genome-wide association analyses enhance discovery and resolution of ancestry-enriched effects. Nat Genet 57:2408-2417 (2025)	10.1038/s41588-025-02335-7	h2_manifest.tsv.bgz (pan.ukbb.broadinstitute.org/downloads), pop=EUR, both_sexes
triglycerides	UKB	EUR (White British, unrelated)	neale_sldsc	UKB · S-LDSC Baseline-LD (Neale lab)	S-LDSC, Baseline-LD v1.1	HapMap3, MAF>1%, INFO>0.9, 1000G EUR LD scores	0.2182	0.0365	343992	UKB 30870_irnt	exact	Neale confidence: medium	Neale Lab. UK Biobank GWAS Round 2, SNP-heritability by partitioned LDSC (2018; heritability release 02 Oct 2019)	https://nealelab.github.io/UKBB_ldsc/	ukb31063_h2_all.02Oct2019.tsv.gz, both_sexes, primary row
glucose	UKB	EUR	panukb_rhemc	UKB · RHE-mc (Pan-UKB)	RHE-mc, 8 bins (2 MAF x 4 LD)	genotyped; pilot trait set only in EUR	0.0947	0.0149	366759	UKB field 30740 (irnt)	exact	UKB random (mostly non-fasting) glucose	Karczewski KJ, Gupta R, Kanai M, et al. Pan-UK Biobank genome-wide association analyses enhance discovery and resolution of ancestry-enriched effects. Nat Genet 57:2408-2417 (2025)	10.1038/s41588-025-02335-7	h2_manifest.tsv.bgz (pan.ukbb.broadinstitute.org/downloads), pop=EUR, both_sexes
glucose	UKB	EUR	panukb_ldsc	UKB · LDSC (Pan-UKB)	LDSC, univariate	HapMap3, MAF>=1%, in-sample UKB LD scores	0.0675	0.0085	366759	UKB field 30740 (irnt)	exact	UKB random (mostly non-fasting) glucose	Karczewski KJ, Gupta R, Kanai M, et al. Pan-UK Biobank genome-wide association analyses enhance discovery and resolution of ancestry-enriched effects. Nat Genet 57:2408-2417 (2025)	10.1038/s41588-025-02335-7	h2_manifest.tsv.bgz (pan.ukbb.broadinstitute.org/downloads), pop=EUR, both_sexes
glucose	UKB	EUR	panukb_sldsc	UKB · S-LDSC 25-bin (Pan-UKB)	S-LDSC, 25 bins (5 MAF x 5 LD)	HapMap3, MAF>=1%, in-sample UKB LD scores	0.0605	0.0061	366759	UKB field 30740 (irnt)	exact	UKB random (mostly non-fasting) glucose	Karczewski KJ, Gupta R, Kanai M, et al. Pan-UK Biobank genome-wide association analyses enhance discovery and resolution of ancestry-enriched effects. Nat Genet 57:2408-2417 (2025)	10.1038/s41588-025-02335-7	h2_manifest.tsv.bgz (pan.ukbb.broadinstitute.org/downloads), pop=EUR, both_sexes
glucose	UKB	EUR (White British, unrelated)	neale_sldsc	UKB · S-LDSC Baseline-LD (Neale lab)	S-LDSC, Baseline-LD v1.1	HapMap3, MAF>1%, INFO>0.9, 1000G EUR LD scores	0.0892	0.0148	314916	UKB 30740_irnt	exact	UKB random (mostly non-fasting) glucose	Neale Lab. UK Biobank GWAS Round 2, SNP-heritability by partitioned LDSC (2018; heritability release 02 Oct 2019)	https://nealelab.github.io/UKBB_ldsc/	ukb31063_h2_all.02Oct2019.tsv.gz, both_sexes, primary row
total_cholesterol	UKB	EUR	panukb_rhemc	UKB · RHE-mc (Pan-UKB)	RHE-mc, 8 bins (2 MAF x 4 LD)	genotyped; pilot trait set only in EUR	0.1499	0.0296	400963	UKB field 30690 (irnt)	exact		Karczewski KJ, Gupta R, Kanai M, et al. Pan-UK Biobank genome-wide association analyses enhance discovery and resolution of ancestry-enriched effects. Nat Genet 57:2408-2417 (2025)	10.1038/s41588-025-02335-7	h2_manifest.tsv.bgz (pan.ukbb.broadinstitute.org/downloads), pop=EUR, both_sexes
total_cholesterol	UKB	EUR	panukb_ldsc	UKB · LDSC (Pan-UKB)	LDSC, univariate	HapMap3, MAF>=1%, in-sample UKB LD scores	0.1186	0.0135	400963	UKB field 30690 (irnt)	exact		Karczewski KJ, Gupta R, Kanai M, et al. Pan-UK Biobank genome-wide association analyses enhance discovery and resolution of ancestry-enriched effects. Nat Genet 57:2408-2417 (2025)	10.1038/s41588-025-02335-7	h2_manifest.tsv.bgz (pan.ukbb.broadinstitute.org/downloads), pop=EUR, both_sexes
total_cholesterol	UKB	EUR	panukb_sldsc	UKB · S-LDSC 25-bin (Pan-UKB)	S-LDSC, 25 bins (5 MAF x 5 LD)	HapMap3, MAF>=1%, in-sample UKB LD scores	0.1075	0.012	400963	UKB field 30690 (irnt)	exact		Karczewski KJ, Gupta R, Kanai M, et al. Pan-UK Biobank genome-wide association analyses enhance discovery and resolution of ancestry-enriched effects. Nat Genet 57:2408-2417 (2025)	10.1038/s41588-025-02335-7	h2_manifest.tsv.bgz (pan.ukbb.broadinstitute.org/downloads), pop=EUR, both_sexes
total_cholesterol	UKB	EUR (White British, unrelated)	neale_sldsc	UKB · S-LDSC Baseline-LD (Neale lab)	S-LDSC, Baseline-LD v1.1	HapMap3, MAF>1%, INFO>0.9, 1000G EUR LD scores	0.1121	0.0164	344278	UKB 30690_irnt	exact		Neale Lab. UK Biobank GWAS Round 2, SNP-heritability by partitioned LDSC (2018; heritability release 02 Oct 2019)	https://nealelab.github.io/UKBB_ldsc/	ukb31063_h2_all.02Oct2019.tsv.gz, both_sexes, primary row
ldl_cholesterol	UKB	EUR	panukb_rhemc	UKB · RHE-mc (Pan-UKB)	RHE-mc, 8 bins (2 MAF x 4 LD)	genotyped; pilot trait set only in EUR	0.1471	0.0431	400223	UKB field 30780 (irnt)	exact	UKB direct LDL, not statin-adjusted	Karczewski KJ, Gupta R, Kanai M, et al. Pan-UK Biobank genome-wide association analyses enhance discovery and resolution of ancestry-enriched effects. Nat Genet 57:2408-2417 (2025)	10.1038/s41588-025-02335-7	h2_manifest.tsv.bgz (pan.ukbb.broadinstitute.org/downloads), pop=EUR, both_sexes
ldl_cholesterol	UKB	EUR	panukb_ldsc	UKB · LDSC (Pan-UKB)	LDSC, univariate	HapMap3, MAF>=1%, in-sample UKB LD scores	0.0962	0.013	400223	UKB field 30780 (irnt)	exact	UKB direct LDL, not statin-adjusted	Karczewski KJ, Gupta R, Kanai M, et al. Pan-UK Biobank genome-wide association analyses enhance discovery and resolution of ancestry-enriched effects. Nat Genet 57:2408-2417 (2025)	10.1038/s41588-025-02335-7	h2_manifest.tsv.bgz (pan.ukbb.broadinstitute.org/downloads), pop=EUR, both_sexes
ldl_cholesterol	UKB	EUR	panukb_sldsc	UKB · S-LDSC 25-bin (Pan-UKB)	S-LDSC, 25 bins (5 MAF x 5 LD)	HapMap3, MAF>=1%, in-sample UKB LD scores	0.0907	0.0106	400223	UKB field 30780 (irnt)	exact	UKB direct LDL, not statin-adjusted	Karczewski KJ, Gupta R, Kanai M, et al. Pan-UK Biobank genome-wide association analyses enhance discovery and resolution of ancestry-enriched effects. Nat Genet 57:2408-2417 (2025)	10.1038/s41588-025-02335-7	h2_manifest.tsv.bgz (pan.ukbb.broadinstitute.org/downloads), pop=EUR, both_sexes
ldl_cholesterol	UKB	EUR (White British, unrelated)	neale_sldsc	UKB · S-LDSC Baseline-LD (Neale lab)	S-LDSC, Baseline-LD v1.1	HapMap3, MAF>1%, INFO>0.9, 1000G EUR LD scores	0.0825	0.0168	343621	UKB 30780_irnt	exact	UKB direct LDL, not statin-adjusted	Neale Lab. UK Biobank GWAS Round 2, SNP-heritability by partitioned LDSC (2018; heritability release 02 Oct 2019)	https://nealelab.github.io/UKBB_ldsc/	ukb31063_h2_all.02Oct2019.tsv.gz, both_sexes, primary row
mch	UKB	EUR	panukb_ldsc	UKB · LDSC (Pan-UKB)	LDSC, univariate	HapMap3, MAF>=1%, in-sample UKB LD scores	0.2497	0.0323	407992	UKB field 30050 (irnt)	exact		Karczewski KJ, Gupta R, Kanai M, et al. Pan-UK Biobank genome-wide association analyses enhance discovery and resolution of ancestry-enriched effects. Nat Genet 57:2408-2417 (2025)	10.1038/s41588-025-02335-7	h2_manifest.tsv.bgz (pan.ukbb.broadinstitute.org/downloads), pop=EUR, both_sexes
mch	UKB	EUR	panukb_sldsc	UKB · S-LDSC 25-bin (Pan-UKB)	S-LDSC, 25 bins (5 MAF x 5 LD)	HapMap3, MAF>=1%, in-sample UKB LD scores	0.2089	0.0192	407992	UKB field 30050 (irnt)	exact		Karczewski KJ, Gupta R, Kanai M, et al. Pan-UK Biobank genome-wide association analyses enhance discovery and resolution of ancestry-enriched effects. Nat Genet 57:2408-2417 (2025)	10.1038/s41588-025-02335-7	h2_manifest.tsv.bgz (pan.ukbb.broadinstitute.org/downloads), pop=EUR, both_sexes
mch	UKB	EUR (White British, unrelated)	neale_sldsc	UKB · S-LDSC Baseline-LD (Neale lab)	S-LDSC, Baseline-LD v1.1	HapMap3, MAF>1%, INFO>0.9, 1000G EUR LD scores	0.253	0.0332	350472	UKB 30050_irnt	exact	Neale confidence: medium	Neale Lab. UK Biobank GWAS Round 2, SNP-heritability by partitioned LDSC (2018; heritability release 02 Oct 2019)	https://nealelab.github.io/UKBB_ldsc/	ukb31063_h2_all.02Oct2019.tsv.gz, both_sexes, primary row
mcv	UKB	EUR	panukb_ldsc	UKB · LDSC (Pan-UKB)	LDSC, univariate	HapMap3, MAF>=1%, in-sample UKB LD scores	0.2568	0.0266	407993	UKB field 30040 (irnt)	exact		Karczewski KJ, Gupta R, Kanai M, et al. Pan-UK Biobank genome-wide association analyses enhance discovery and resolution of ancestry-enriched effects. Nat Genet 57:2408-2417 (2025)	10.1038/s41588-025-02335-7	h2_manifest.tsv.bgz (pan.ukbb.broadinstitute.org/downloads), pop=EUR, both_sexes
mcv	UKB	EUR	panukb_sldsc	UKB · S-LDSC 25-bin (Pan-UKB)	S-LDSC, 25 bins (5 MAF x 5 LD)	HapMap3, MAF>=1%, in-sample UKB LD scores	0.2291	0.0212	407993	UKB field 30040 (irnt)	exact		Karczewski KJ, Gupta R, Kanai M, et al. Pan-UK Biobank genome-wide association analyses enhance discovery and resolution of ancestry-enriched effects. Nat Genet 57:2408-2417 (2025)	10.1038/s41588-025-02335-7	h2_manifest.tsv.bgz (pan.ukbb.broadinstitute.org/downloads), pop=EUR, both_sexes
mcv	UKB	EUR (White British, unrelated)	neale_sldsc	UKB · S-LDSC Baseline-LD (Neale lab)	S-LDSC, Baseline-LD v1.1	HapMap3, MAF>1%, INFO>0.9, 1000G EUR LD scores	0.2667	0.0355	350473	UKB 30040_irnt	exact	Neale confidence: medium	Neale Lab. UK Biobank GWAS Round 2, SNP-heritability by partitioned LDSC (2018; heritability release 02 Oct 2019)	https://nealelab.github.io/UKBB_ldsc/	ukb31063_h2_all.02Oct2019.tsv.gz, both_sexes, primary row
platelet_count	UKB	EUR	panukb_ldsc	UKB · LDSC (Pan-UKB)	LDSC, univariate	HapMap3, MAF>=1%, in-sample UKB LD scores	0.2785	0.0213	407992	UKB field 30080 (irnt)	exact		Karczewski KJ, Gupta R, Kanai M, et al. Pan-UK Biobank genome-wide association analyses enhance discovery and resolution of ancestry-enriched effects. Nat Genet 57:2408-2417 (2025)	10.1038/s41588-025-02335-7	h2_manifest.tsv.bgz (pan.ukbb.broadinstitute.org/downloads), pop=EUR, both_sexes
platelet_count	UKB	EUR	panukb_sldsc	UKB · S-LDSC 25-bin (Pan-UKB)	S-LDSC, 25 bins (5 MAF x 5 LD)	HapMap3, MAF>=1%, in-sample UKB LD scores	0.2821	0.0177	407992	UKB field 30080 (irnt)	exact		Karczewski KJ, Gupta R, Kanai M, et al. Pan-UK Biobank genome-wide association analyses enhance discovery and resolution of ancestry-enriched effects. Nat Genet 57:2408-2417 (2025)	10.1038/s41588-025-02335-7	h2_manifest.tsv.bgz (pan.ukbb.broadinstitute.org/downloads), pop=EUR, both_sexes
platelet_count	UKB	EUR (White British, unrelated)	neale_sldsc	UKB · S-LDSC Baseline-LD (Neale lab)	S-LDSC, Baseline-LD v1.1	HapMap3, MAF>1%, INFO>0.9, 1000G EUR LD scores	0.3079	0.0328	350474	UKB 30080_irnt	exact	Neale confidence: medium	Neale Lab. UK Biobank GWAS Round 2, SNP-heritability by partitioned LDSC (2018; heritability release 02 Oct 2019)	https://nealelab.github.io/UKBB_ldsc/	ukb31063_h2_all.02Oct2019.tsv.gz, both_sexes, primary row
wbc_count	UKB	EUR	panukb_ldsc	UKB · LDSC (Pan-UKB)	LDSC, univariate	HapMap3, MAF>=1%, in-sample UKB LD scores	0.1766	0.0101	407990	UKB field 30000 (irnt)	exact		Karczewski KJ, Gupta R, Kanai M, et al. Pan-UK Biobank genome-wide association analyses enhance discovery and resolution of ancestry-enriched effects. Nat Genet 57:2408-2417 (2025)	10.1038/s41588-025-02335-7	h2_manifest.tsv.bgz (pan.ukbb.broadinstitute.org/downloads), pop=EUR, both_sexes
wbc_count	UKB	EUR	panukb_sldsc	UKB · S-LDSC 25-bin (Pan-UKB)	S-LDSC, 25 bins (5 MAF x 5 LD)	HapMap3, MAF>=1%, in-sample UKB LD scores	0.2103	0.0112	407990	UKB field 30000 (irnt)	exact		Karczewski KJ, Gupta R, Kanai M, et al. Pan-UK Biobank genome-wide association analyses enhance discovery and resolution of ancestry-enriched effects. Nat Genet 57:2408-2417 (2025)	10.1038/s41588-025-02335-7	h2_manifest.tsv.bgz (pan.ukbb.broadinstitute.org/downloads), pop=EUR, both_sexes
wbc_count	UKB	EUR (White British, unrelated)	neale_sldsc	UKB · S-LDSC Baseline-LD (Neale lab)	S-LDSC, Baseline-LD v1.1	HapMap3, MAF>1%, INFO>0.9, 1000G EUR LD scores	0.191	0.0085	350470	UKB 30000_irnt	exact		Neale Lab. UK Biobank GWAS Round 2, SNP-heritability by partitioned LDSC (2018; heritability release 02 Oct 2019)	https://nealelab.github.io/UKBB_ldsc/	ukb31063_h2_all.02Oct2019.tsv.gz, both_sexes, primary row
monocyte_count	UKB	EUR	panukb_ldsc	UKB · LDSC (Pan-UKB)	LDSC, univariate	HapMap3, MAF>=1%, in-sample UKB LD scores	0.1994	0.0193	407265	UKB field 30130 (irnt)	exact		Karczewski KJ, Gupta R, Kanai M, et al. Pan-UK Biobank genome-wide association analyses enhance discovery and resolution of ancestry-enriched effects. Nat Genet 57:2408-2417 (2025)	10.1038/s41588-025-02335-7	h2_manifest.tsv.bgz (pan.ukbb.broadinstitute.org/downloads), pop=EUR, both_sexes
monocyte_count	UKB	EUR	panukb_sldsc	UKB · S-LDSC 25-bin (Pan-UKB)	S-LDSC, 25 bins (5 MAF x 5 LD)	HapMap3, MAF>=1%, in-sample UKB LD scores	0.1936	0.0155	407265	UKB field 30130 (irnt)	exact		Karczewski KJ, Gupta R, Kanai M, et al. Pan-UK Biobank genome-wide association analyses enhance discovery and resolution of ancestry-enriched effects. Nat Genet 57:2408-2417 (2025)	10.1038/s41588-025-02335-7	h2_manifest.tsv.bgz (pan.ukbb.broadinstitute.org/downloads), pop=EUR, both_sexes
monocyte_count	UKB	EUR (White British, unrelated)	neale_sldsc	UKB · S-LDSC Baseline-LD (Neale lab)	S-LDSC, Baseline-LD v1.1	HapMap3, MAF>1%, INFO>0.9, 1000G EUR LD scores	0.2305	0.0325	349856	UKB 30130_irnt	exact	Neale confidence: medium	Neale Lab. UK Biobank GWAS Round 2, SNP-heritability by partitioned LDSC (2018; heritability release 02 Oct 2019)	https://nealelab.github.io/UKBB_ldsc/	ukb31063_h2_all.02Oct2019.tsv.gz, both_sexes, primary row
rbc_count	UKB	EUR	panukb_ldsc	UKB · LDSC (Pan-UKB)	LDSC, univariate	HapMap3, MAF>=1%, in-sample UKB LD scores	0.2046	0.0138	407995	UKB field 30010 (irnt)	exact		Karczewski KJ, Gupta R, Kanai M, et al. Pan-UK Biobank genome-wide association analyses enhance discovery and resolution of ancestry-enriched effects. Nat Genet 57:2408-2417 (2025)	10.1038/s41588-025-02335-7	h2_manifest.tsv.bgz (pan.ukbb.broadinstitute.org/downloads), pop=EUR, both_sexes
rbc_count	UKB	EUR	panukb_sldsc	UKB · S-LDSC 25-bin (Pan-UKB)	S-LDSC, 25 bins (5 MAF x 5 LD)	HapMap3, MAF>=1%, in-sample UKB LD scores	0.2135	0.0122	407995	UKB field 30010 (irnt)	exact		Karczewski KJ, Gupta R, Kanai M, et al. Pan-UK Biobank genome-wide association analyses enhance discovery and resolution of ancestry-enriched effects. Nat Genet 57:2408-2417 (2025)	10.1038/s41588-025-02335-7	h2_manifest.tsv.bgz (pan.ukbb.broadinstitute.org/downloads), pop=EUR, both_sexes
rbc_count	UKB	EUR (White British, unrelated)	neale_sldsc	UKB · S-LDSC Baseline-LD (Neale lab)	S-LDSC, Baseline-LD v1.1	HapMap3, MAF>1%, INFO>0.9, 1000G EUR LD scores	0.2337	0.0233	350475	UKB 30010_irnt	exact		Neale Lab. UK Biobank GWAS Round 2, SNP-heritability by partitioned LDSC (2018; heritability release 02 Oct 2019)	https://nealelab.github.io/UKBB_ldsc/	ukb31063_h2_all.02Oct2019.tsv.gz, both_sexes, primary row
lymphocyte_count	UKB	EUR	panukb_ldsc	UKB · LDSC (Pan-UKB)	LDSC, univariate	HapMap3, MAF>=1%, in-sample UKB LD scores	0.1817	0.0122	407265	UKB field 30120 (irnt)	exact		Karczewski KJ, Gupta R, Kanai M, et al. Pan-UK Biobank genome-wide association analyses enhance discovery and resolution of ancestry-enriched effects. Nat Genet 57:2408-2417 (2025)	10.1038/s41588-025-02335-7	h2_manifest.tsv.bgz (pan.ukbb.broadinstitute.org/downloads), pop=EUR, both_sexes
lymphocyte_count	UKB	EUR	panukb_sldsc	UKB · S-LDSC 25-bin (Pan-UKB)	S-LDSC, 25 bins (5 MAF x 5 LD)	HapMap3, MAF>=1%, in-sample UKB LD scores	0.2137	0.0137	407265	UKB field 30120 (irnt)	exact		Karczewski KJ, Gupta R, Kanai M, et al. Pan-UK Biobank genome-wide association analyses enhance discovery and resolution of ancestry-enriched effects. Nat Genet 57:2408-2417 (2025)	10.1038/s41588-025-02335-7	h2_manifest.tsv.bgz (pan.ukbb.broadinstitute.org/downloads), pop=EUR, both_sexes
lymphocyte_count	UKB	EUR (White British, unrelated)	neale_sldsc	UKB · S-LDSC Baseline-LD (Neale lab)	S-LDSC, Baseline-LD v1.1	HapMap3, MAF>1%, INFO>0.9, 1000G EUR LD scores	0.2103	0.016	349856	UKB 30120_irnt	exact		Neale Lab. UK Biobank GWAS Round 2, SNP-heritability by partitioned LDSC (2018; heritability release 02 Oct 2019)	https://nealelab.github.io/UKBB_ldsc/	ukb31063_h2_all.02Oct2019.tsv.gz, both_sexes, primary row
neutrophil_count	UKB	EUR	panukb_ldsc	UKB · LDSC (Pan-UKB)	LDSC, univariate	HapMap3, MAF>=1%, in-sample UKB LD scores	0.1547	0.0098	407265	UKB field 30140 (irnt)	exact		Karczewski KJ, Gupta R, Kanai M, et al. Pan-UK Biobank genome-wide association analyses enhance discovery and resolution of ancestry-enriched effects. Nat Genet 57:2408-2417 (2025)	10.1038/s41588-025-02335-7	h2_manifest.tsv.bgz (pan.ukbb.broadinstitute.org/downloads), pop=EUR, both_sexes
neutrophil_count	UKB	EUR	panukb_sldsc	UKB · S-LDSC 25-bin (Pan-UKB)	S-LDSC, 25 bins (5 MAF x 5 LD)	HapMap3, MAF>=1%, in-sample UKB LD scores	0.1741	0.0102	407265	UKB field 30140 (irnt)	exact		Karczewski KJ, Gupta R, Kanai M, et al. Pan-UK Biobank genome-wide association analyses enhance discovery and resolution of ancestry-enriched effects. Nat Genet 57:2408-2417 (2025)	10.1038/s41588-025-02335-7	h2_manifest.tsv.bgz (pan.ukbb.broadinstitute.org/downloads), pop=EUR, both_sexes
neutrophil_count	UKB	EUR (White British, unrelated)	neale_sldsc	UKB · S-LDSC Baseline-LD (Neale lab)	S-LDSC, Baseline-LD v1.1	HapMap3, MAF>1%, INFO>0.9, 1000G EUR LD scores	0.1641	0.0083	349856	UKB 30140_irnt	exact		Neale Lab. UK Biobank GWAS Round 2, SNP-heritability by partitioned LDSC (2018; heritability release 02 Oct 2019)	https://nealelab.github.io/UKBB_ldsc/	ukb31063_h2_all.02Oct2019.tsv.gz, both_sexes, primary row
mchc	UKB	EUR	panukb_ldsc	UKB · LDSC (Pan-UKB)	LDSC, univariate	HapMap3, MAF>=1%, in-sample UKB LD scores	0.057	0.0088	408000	UKB field 30060 (irnt)	exact		Karczewski KJ, Gupta R, Kanai M, et al. Pan-UK Biobank genome-wide association analyses enhance discovery and resolution of ancestry-enriched effects. Nat Genet 57:2408-2417 (2025)	10.1038/s41588-025-02335-7	h2_manifest.tsv.bgz (pan.ukbb.broadinstitute.org/downloads), pop=EUR, both_sexes
mchc	UKB	EUR	panukb_sldsc	UKB · S-LDSC 25-bin (Pan-UKB)	S-LDSC, 25 bins (5 MAF x 5 LD)	HapMap3, MAF>=1%, in-sample UKB LD scores	0.0635	0.0127	408000	UKB field 30060 (irnt)	exact		Karczewski KJ, Gupta R, Kanai M, et al. Pan-UK Biobank genome-wide association analyses enhance discovery and resolution of ancestry-enriched effects. Nat Genet 57:2408-2417 (2025)	10.1038/s41588-025-02335-7	h2_manifest.tsv.bgz (pan.ukbb.broadinstitute.org/downloads), pop=EUR, both_sexes
mchc	UKB	EUR (White British, unrelated)	neale_sldsc	UKB · S-LDSC Baseline-LD (Neale lab)	S-LDSC, Baseline-LD v1.1	HapMap3, MAF>1%, INFO>0.9, 1000G EUR LD scores	0.0532	0.005	350468	UKB 30060_irnt	exact		Neale Lab. UK Biobank GWAS Round 2, SNP-heritability by partitioned LDSC (2018; heritability release 02 Oct 2019)	https://nealelab.github.io/UKBB_ldsc/	ukb31063_h2_all.02Oct2019.tsv.gz, both_sexes, primary row
eosinophil_count	UKB	EUR	panukb_ldsc	UKB · LDSC (Pan-UKB)	LDSC, univariate	HapMap3, MAF>=1%, in-sample UKB LD scores	0.1853	0.0152	407265	UKB field 30150 (irnt)	exact		Karczewski KJ, Gupta R, Kanai M, et al. Pan-UK Biobank genome-wide association analyses enhance discovery and resolution of ancestry-enriched effects. Nat Genet 57:2408-2417 (2025)	10.1038/s41588-025-02335-7	h2_manifest.tsv.bgz (pan.ukbb.broadinstitute.org/downloads), pop=EUR, both_sexes
eosinophil_count	UKB	EUR	panukb_sldsc	UKB · S-LDSC 25-bin (Pan-UKB)	S-LDSC, 25 bins (5 MAF x 5 LD)	HapMap3, MAF>=1%, in-sample UKB LD scores	0.2013	0.0133	407265	UKB field 30150 (irnt)	exact		Karczewski KJ, Gupta R, Kanai M, et al. Pan-UK Biobank genome-wide association analyses enhance discovery and resolution of ancestry-enriched effects. Nat Genet 57:2408-2417 (2025)	10.1038/s41588-025-02335-7	h2_manifest.tsv.bgz (pan.ukbb.broadinstitute.org/downloads), pop=EUR, both_sexes
eosinophil_count	UKB	EUR (White British, unrelated)	neale_sldsc	UKB · S-LDSC Baseline-LD (Neale lab)	S-LDSC, Baseline-LD v1.1	HapMap3, MAF>1%, INFO>0.9, 1000G EUR LD scores	0.184	0.0133	349856	UKB 30150 (untransformed)	close	untransformed (ours is inverse-normal)	Neale Lab. UK Biobank GWAS Round 2, SNP-heritability by partitioned LDSC (2018; heritability release 02 Oct 2019)	https://nealelab.github.io/UKBB_ldsc/	ukb31063_h2_all.02Oct2019.tsv.gz, both_sexes, primary row
basophil_count	UKB	EUR	panukb_ldsc	UKB · LDSC (Pan-UKB)	LDSC, univariate	HapMap3, MAF>=1%, in-sample UKB LD scores	0.021	0.0026	407277	UKB field 30160 (untransformed)	close	untransformed in both UKB sources (ours is inverse-normal); Pan-UKB QC flags failed: normal_ratio	Karczewski KJ, Gupta R, Kanai M, et al. Pan-UK Biobank genome-wide association analyses enhance discovery and resolution of ancestry-enriched effects. Nat Genet 57:2408-2417 (2025)	10.1038/s41588-025-02335-7	h2_manifest.tsv.bgz (pan.ukbb.broadinstitute.org/downloads), pop=EUR, both_sexes
basophil_count	UKB	EUR	panukb_sldsc	UKB · S-LDSC 25-bin (Pan-UKB)	S-LDSC, 25 bins (5 MAF x 5 LD)	HapMap3, MAF>=1%, in-sample UKB LD scores	0.0237	0.0038	407277	UKB field 30160 (untransformed)	close	untransformed in both UKB sources (ours is inverse-normal); Pan-UKB QC flags failed: normal_ratio	Karczewski KJ, Gupta R, Kanai M, et al. Pan-UK Biobank genome-wide association analyses enhance discovery and resolution of ancestry-enriched effects. Nat Genet 57:2408-2417 (2025)	10.1038/s41588-025-02335-7	h2_manifest.tsv.bgz (pan.ukbb.broadinstitute.org/downloads), pop=EUR, both_sexes
basophil_count	UKB	EUR (White British, unrelated)	neale_sldsc	UKB · S-LDSC Baseline-LD (Neale lab)	S-LDSC, Baseline-LD v1.1	HapMap3, MAF>1%, INFO>0.9, 1000G EUR LD scores	0.0242	0.0038	349856	UKB 30160 (untransformed)	close	untransformed in both UKB sources (ours is inverse-normal)	Neale Lab. UK Biobank GWAS Round 2, SNP-heritability by partitioned LDSC (2018; heritability release 02 Oct 2019)	https://nealelab.github.io/UKBB_ldsc/	ukb31063_h2_all.02Oct2019.tsv.gz, both_sexes, primary row
hemoglobin	UKB	EUR	panukb_ldsc	UKB · LDSC (Pan-UKB)	LDSC, univariate	HapMap3, MAF>=1%, in-sample UKB LD scores	0.1586	0.0143	407994	UKB field 30020 (irnt)	exact		Karczewski KJ, Gupta R, Kanai M, et al. Pan-UK Biobank genome-wide association analyses enhance discovery and resolution of ancestry-enriched effects. Nat Genet 57:2408-2417 (2025)	10.1038/s41588-025-02335-7	h2_manifest.tsv.bgz (pan.ukbb.broadinstitute.org/downloads), pop=EUR, both_sexes
hemoglobin	UKB	EUR	panukb_sldsc	UKB · S-LDSC 25-bin (Pan-UKB)	S-LDSC, 25 bins (5 MAF x 5 LD)	HapMap3, MAF>=1%, in-sample UKB LD scores	0.1816	0.0185	407994	UKB field 30020 (irnt)	exact		Karczewski KJ, Gupta R, Kanai M, et al. Pan-UK Biobank genome-wide association analyses enhance discovery and resolution of ancestry-enriched effects. Nat Genet 57:2408-2417 (2025)	10.1038/s41588-025-02335-7	h2_manifest.tsv.bgz (pan.ukbb.broadinstitute.org/downloads), pop=EUR, both_sexes
hemoglobin	UKB	EUR (White British, unrelated)	neale_sldsc	UKB · S-LDSC Baseline-LD (Neale lab)	S-LDSC, Baseline-LD v1.1	HapMap3, MAF>1%, INFO>0.9, 1000G EUR LD scores	0.1739	0.0112	350474	UKB 30020_irnt	exact		Neale Lab. UK Biobank GWAS Round 2, SNP-heritability by partitioned LDSC (2018; heritability release 02 Oct 2019)	https://nealelab.github.io/UKBB_ldsc/	ukb31063_h2_all.02Oct2019.tsv.gz, both_sexes, primary row
hematocrit	UKB	EUR	panukb_ldsc	UKB · LDSC (Pan-UKB)	LDSC, univariate	HapMap3, MAF>=1%, in-sample UKB LD scores	0.1464	0.0111	407995	UKB field 30030 (irnt)	exact		Karczewski KJ, Gupta R, Kanai M, et al. Pan-UK Biobank genome-wide association analyses enhance discovery and resolution of ancestry-enriched effects. Nat Genet 57:2408-2417 (2025)	10.1038/s41588-025-02335-7	h2_manifest.tsv.bgz (pan.ukbb.broadinstitute.org/downloads), pop=EUR, both_sexes
hematocrit	UKB	EUR	panukb_sldsc	UKB · S-LDSC 25-bin (Pan-UKB)	S-LDSC, 25 bins (5 MAF x 5 LD)	HapMap3, MAF>=1%, in-sample UKB LD scores	0.17	0.0149	407995	UKB field 30030 (irnt)	exact		Karczewski KJ, Gupta R, Kanai M, et al. Pan-UK Biobank genome-wide association analyses enhance discovery and resolution of ancestry-enriched effects. Nat Genet 57:2408-2417 (2025)	10.1038/s41588-025-02335-7	h2_manifest.tsv.bgz (pan.ukbb.broadinstitute.org/downloads), pop=EUR, both_sexes
hematocrit	UKB	EUR (White British, unrelated)	neale_sldsc	UKB · S-LDSC Baseline-LD (Neale lab)	S-LDSC, Baseline-LD v1.1	HapMap3, MAF>1%, INFO>0.9, 1000G EUR LD scores	0.1631	0.0113	350475	UKB 30030_irnt	exact		Neale Lab. UK Biobank GWAS Round 2, SNP-heritability by partitioned LDSC (2018; heritability release 02 Oct 2019)	https://nealelab.github.io/UKBB_ldsc/	ukb31063_h2_all.02Oct2019.tsv.gz, both_sexes, primary row
creatinine	UKB	EUR	panukb_rhemc	UKB · RHE-mc (Pan-UKB)	RHE-mc, 8 bins (2 MAF x 4 LD)	genotyped; pilot trait set only in EUR	0.2232	0.0111	400761	UKB field 30700 (irnt)	exact		Karczewski KJ, Gupta R, Kanai M, et al. Pan-UK Biobank genome-wide association analyses enhance discovery and resolution of ancestry-enriched effects. Nat Genet 57:2408-2417 (2025)	10.1038/s41588-025-02335-7	h2_manifest.tsv.bgz (pan.ukbb.broadinstitute.org/downloads), pop=EUR, both_sexes
creatinine	UKB	EUR	panukb_ldsc	UKB · LDSC (Pan-UKB)	LDSC, univariate	HapMap3, MAF>=1%, in-sample UKB LD scores	0.1911	0.0109	400761	UKB field 30700 (irnt)	exact		Karczewski KJ, Gupta R, Kanai M, et al. Pan-UK Biobank genome-wide association analyses enhance discovery and resolution of ancestry-enriched effects. Nat Genet 57:2408-2417 (2025)	10.1038/s41588-025-02335-7	h2_manifest.tsv.bgz (pan.ukbb.broadinstitute.org/downloads), pop=EUR, both_sexes
creatinine	UKB	EUR	panukb_sldsc	UKB · S-LDSC 25-bin (Pan-UKB)	S-LDSC, 25 bins (5 MAF x 5 LD)	HapMap3, MAF>=1%, in-sample UKB LD scores	0.2133	0.012	400761	UKB field 30700 (irnt)	exact		Karczewski KJ, Gupta R, Kanai M, et al. Pan-UK Biobank genome-wide association analyses enhance discovery and resolution of ancestry-enriched effects. Nat Genet 57:2408-2417 (2025)	10.1038/s41588-025-02335-7	h2_manifest.tsv.bgz (pan.ukbb.broadinstitute.org/downloads), pop=EUR, both_sexes
creatinine	UKB	EUR (White British, unrelated)	neale_sldsc	UKB · S-LDSC Baseline-LD (Neale lab)	S-LDSC, Baseline-LD v1.1	HapMap3, MAF>1%, INFO>0.9, 1000G EUR LD scores	0.2115	0.0126	344104	UKB 30700_irnt	exact		Neale Lab. UK Biobank GWAS Round 2, SNP-heritability by partitioned LDSC (2018; heritability release 02 Oct 2019)	https://nealelab.github.io/UKBB_ldsc/	ukb31063_h2_all.02Oct2019.tsv.gz, both_sexes, primary row
alt	UKB	EUR	panukb_rhemc	UKB · RHE-mc (Pan-UKB)	RHE-mc, 8 bins (2 MAF x 4 LD)	genotyped; pilot trait set only in EUR	0.137	0.0083	400822	UKB field 30620 (irnt)	exact		Karczewski KJ, Gupta R, Kanai M, et al. Pan-UK Biobank genome-wide association analyses enhance discovery and resolution of ancestry-enriched effects. Nat Genet 57:2408-2417 (2025)	10.1038/s41588-025-02335-7	h2_manifest.tsv.bgz (pan.ukbb.broadinstitute.org/downloads), pop=EUR, both_sexes
alt	UKB	EUR	panukb_ldsc	UKB · LDSC (Pan-UKB)	LDSC, univariate	HapMap3, MAF>=1%, in-sample UKB LD scores	0.1172	0.0081	400822	UKB field 30620 (irnt)	exact		Karczewski KJ, Gupta R, Kanai M, et al. Pan-UK Biobank genome-wide association analyses enhance discovery and resolution of ancestry-enriched effects. Nat Genet 57:2408-2417 (2025)	10.1038/s41588-025-02335-7	h2_manifest.tsv.bgz (pan.ukbb.broadinstitute.org/downloads), pop=EUR, both_sexes
alt	UKB	EUR	panukb_sldsc	UKB · S-LDSC 25-bin (Pan-UKB)	S-LDSC, 25 bins (5 MAF x 5 LD)	HapMap3, MAF>=1%, in-sample UKB LD scores	0.1235	0.0091	400822	UKB field 30620 (irnt)	exact		Karczewski KJ, Gupta R, Kanai M, et al. Pan-UK Biobank genome-wide association analyses enhance discovery and resolution of ancestry-enriched effects. Nat Genet 57:2408-2417 (2025)	10.1038/s41588-025-02335-7	h2_manifest.tsv.bgz (pan.ukbb.broadinstitute.org/downloads), pop=EUR, both_sexes
alt	UKB	EUR (White British, unrelated)	neale_sldsc	UKB · S-LDSC Baseline-LD (Neale lab)	S-LDSC, Baseline-LD v1.1	HapMap3, MAF>1%, INFO>0.9, 1000G EUR LD scores	0.1325	0.0126	344136	UKB 30620_irnt	exact		Neale Lab. UK Biobank GWAS Round 2, SNP-heritability by partitioned LDSC (2018; heritability release 02 Oct 2019)	https://nealelab.github.io/UKBB_ldsc/	ukb31063_h2_all.02Oct2019.tsv.gz, both_sexes, primary row
cigarettes_per_day	UKB	EUR	panukb_ldsc	UKB · LDSC (Pan-UKB)	LDSC, univariate	HapMap3, MAF>=1%, in-sample UKB LD scores	0.1122	0.0232	29653	UKB field 3456 (untransformed)	close	UKB field 3456, current smokers only, untransformed; ours also includes former smokers' past daily count; Pan-UKB QC flags failed: significant_z, in_bounds_h2, normal_ratio	Karczewski KJ, Gupta R, Kanai M, et al. Pan-UK Biobank genome-wide association analyses enhance discovery and resolution of ancestry-enriched effects. Nat Genet 57:2408-2417 (2025)	10.1038/s41588-025-02335-7	h2_manifest.tsv.bgz (pan.ukbb.broadinstitute.org/downloads), pop=EUR, both_sexes
cigarettes_per_day	UKB	EUR	panukb_sldsc	UKB · S-LDSC 25-bin (Pan-UKB)	S-LDSC, 25 bins (5 MAF x 5 LD)	HapMap3, MAF>=1%, in-sample UKB LD scores	0.0756	0.0384	29653	UKB field 3456 (untransformed)	close	UKB field 3456, current smokers only, untransformed; ours also includes former smokers' past daily count; Pan-UKB QC flags failed: significant_z, in_bounds_h2, normal_ratio	Karczewski KJ, Gupta R, Kanai M, et al. Pan-UK Biobank genome-wide association analyses enhance discovery and resolution of ancestry-enriched effects. Nat Genet 57:2408-2417 (2025)	10.1038/s41588-025-02335-7	h2_manifest.tsv.bgz (pan.ukbb.broadinstitute.org/downloads), pop=EUR, both_sexes
cigarettes_per_day	UKB	EUR (White British, unrelated)	neale_sldsc	UKB · S-LDSC Baseline-LD (Neale lab)	S-LDSC, Baseline-LD v1.1	HapMap3, MAF>1%, INFO>0.9, 1000G EUR LD scores	0.1661	0.0488	25348	UKB 3456 (untransformed)	close	UKB field 3456, current smokers only, untransformed; ours also includes former smokers' past daily count; Neale confidence: medium	Neale Lab. UK Biobank GWAS Round 2, SNP-heritability by partitioned LDSC (2018; heritability release 02 Oct 2019)	https://nealelab.github.io/UKBB_ldsc/	ukb31063_h2_all.02Oct2019.tsv.gz, both_sexes, primary row
loneliness_score	UKB	EUR	panukb_ldsc	UKB · LDSC (Pan-UKB)	LDSC, univariate	HapMap3, MAF>=1%, in-sample UKB LD scores	0.0328	0.0019	413936	UKB field 2020 (untransformed)	proxy	UKB field 2020 'Loneliness, isolation' is a single yes/no item, observed scale; ours is the UCLA-LS8 sum	Karczewski KJ, Gupta R, Kanai M, et al. Pan-UK Biobank genome-wide association analyses enhance discovery and resolution of ancestry-enriched effects. Nat Genet 57:2408-2417 (2025)	10.1038/s41588-025-02335-7	h2_manifest.tsv.bgz (pan.ukbb.broadinstitute.org/downloads), pop=EUR, both_sexes
loneliness_score	UKB	EUR	panukb_sldsc	UKB · S-LDSC 25-bin (Pan-UKB)	S-LDSC, 25 bins (5 MAF x 5 LD)	HapMap3, MAF>=1%, in-sample UKB LD scores	0.0409	0.0028	413936	UKB field 2020 (untransformed)	proxy	UKB field 2020 'Loneliness, isolation' is a single yes/no item, observed scale; ours is the UCLA-LS8 sum	Karczewski KJ, Gupta R, Kanai M, et al. Pan-UK Biobank genome-wide association analyses enhance discovery and resolution of ancestry-enriched effects. Nat Genet 57:2408-2417 (2025)	10.1038/s41588-025-02335-7	h2_manifest.tsv.bgz (pan.ukbb.broadinstitute.org/downloads), pop=EUR, both_sexes
loneliness_score	UKB	EUR (White British, unrelated)	neale_sldsc	UKB · S-LDSC Baseline-LD (Neale lab)	S-LDSC, Baseline-LD v1.1	HapMap3, MAF>1%, INFO>0.9, 1000G EUR LD scores	0.0379	0.0028	355583	UKB 2020 (untransformed)	proxy	UKB field 2020 'Loneliness, isolation' is a single yes/no item, observed scale; ours is the UCLA-LS8 sum	Neale Lab. UK Biobank GWAS Round 2, SNP-heritability by partitioned LDSC (2018; heritability release 02 Oct 2019)	https://nealelab.github.io/UKBB_ldsc/	ukb31063_h2_all.02Oct2019.tsv.gz, both_sexes, primary row
social_support_score	UKB	EUR	panukb_ldsc	UKB · LDSC (Pan-UKB)	LDSC, univariate	HapMap3, MAF>=1%, in-sample UKB LD scores	0.036	0.0021	408245	UKB field 2110 (untransformed)	proxy	UKB field 2110 'Able to confide' (one frequency item); ours is the MOS-SS8 sum	Karczewski KJ, Gupta R, Kanai M, et al. Pan-UK Biobank genome-wide association analyses enhance discovery and resolution of ancestry-enriched effects. Nat Genet 57:2408-2417 (2025)	10.1038/s41588-025-02335-7	h2_manifest.tsv.bgz (pan.ukbb.broadinstitute.org/downloads), pop=EUR, both_sexes
social_support_score	UKB	EUR	panukb_sldsc	UKB · S-LDSC 25-bin (Pan-UKB)	S-LDSC, 25 bins (5 MAF x 5 LD)	HapMap3, MAF>=1%, in-sample UKB LD scores	0.0444	0.0031	408245	UKB field 2110 (untransformed)	proxy	UKB field 2110 'Able to confide' (one frequency item); ours is the MOS-SS8 sum	Karczewski KJ, Gupta R, Kanai M, et al. Pan-UK Biobank genome-wide association analyses enhance discovery and resolution of ancestry-enriched effects. Nat Genet 57:2408-2417 (2025)	10.1038/s41588-025-02335-7	h2_manifest.tsv.bgz (pan.ukbb.broadinstitute.org/downloads), pop=EUR, both_sexes
social_support_score	UKB	EUR (White British, unrelated)	neale_sldsc	UKB · S-LDSC Baseline-LD (Neale lab)	S-LDSC, Baseline-LD v1.1	HapMap3, MAF>1%, INFO>0.9, 1000G EUR LD scores	0.0407	0.0027	350618	UKB 2110 (untransformed)	proxy	UKB field 2110 'Able to confide' (one frequency item); ours is the MOS-SS8 sum; Neale confidence: medium	Neale Lab. UK Biobank GWAS Round 2, SNP-heritability by partitioned LDSC (2018; heritability release 02 Oct 2019)	https://nealelab.github.io/UKBB_ldsc/	ukb31063_h2_all.02Oct2019.tsv.gz, both_sexes, primary row
alcohol_audit_c_score	UKB	EUR	panukb_ldsc	UKB · LDSC (Pan-UKB)	LDSC, univariate	HapMap3, MAF>=1%, in-sample UKB LD scores	0.076	0.0054	136187	UKB field 20414 (untransformed)	proxy	UKB field 20414 'Frequency of drinking alcohol' is AUDIT-C item 1 only; ours is the 3-item AUDIT-C sum	Karczewski KJ, Gupta R, Kanai M, et al. Pan-UK Biobank genome-wide association analyses enhance discovery and resolution of ancestry-enriched effects. Nat Genet 57:2408-2417 (2025)	10.1038/s41588-025-02335-7	h2_manifest.tsv.bgz (pan.ukbb.broadinstitute.org/downloads), pop=EUR, both_sexes
alcohol_audit_c_score	UKB	EUR	panukb_sldsc	UKB · S-LDSC 25-bin (Pan-UKB)	S-LDSC, 25 bins (5 MAF x 5 LD)	HapMap3, MAF>=1%, in-sample UKB LD scores	0.0693	0.0075	136187	UKB field 20414 (untransformed)	proxy	UKB field 20414 'Frequency of drinking alcohol' is AUDIT-C item 1 only; ours is the 3-item AUDIT-C sum	Karczewski KJ, Gupta R, Kanai M, et al. Pan-UK Biobank genome-wide association analyses enhance discovery and resolution of ancestry-enriched effects. Nat Genet 57:2408-2417 (2025)	10.1038/s41588-025-02335-7	h2_manifest.tsv.bgz (pan.ukbb.broadinstitute.org/downloads), pop=EUR, both_sexes
alcohol_audit_c_score	UKB	EUR (White British, unrelated)	neale_sldsc	UKB · S-LDSC Baseline-LD (Neale lab)	S-LDSC, Baseline-LD v1.1	HapMap3, MAF>1%, INFO>0.9, 1000G EUR LD scores	0.0728	0.0078	117914	UKB 20414 (untransformed)	proxy	UKB field 20414 'Frequency of drinking alcohol' is AUDIT-C item 1 only; ours is the 3-item AUDIT-C sum; Neale confidence: medium	Neale Lab. UK Biobank GWAS Round 2, SNP-heritability by partitioned LDSC (2018; heritability release 02 Oct 2019)	https://nealelab.github.io/UKBB_ldsc/	ukb31063_h2_all.02Oct2019.tsv.gz, both_sexes, primary row
